page,clicks,impressions,ctr,position
https://www.law-attorneys.com/personal-injury/case-1,895,33057,0.0271,10.7
https://www.law-attorneys.com/personal-injury/case-2,3312,44698,0.0741,10.1
https://www.law-attorneys.com/personal-injury/case-3,775,9889,0.0784,21.3
https://www.law-attorneys.com/personal-injury/case-4,1074,15888,0.0676,3.8
https://www.law-attorneys.com/personal-injury/case-5,2704,36502,0.0741,7.5
https://www.law-attorneys.com/personal-injury/case-6,568,8968,0.0634,3.6
https://www.law-attorneys.com/personal-injury/case-7,309,12915,0.024,8.6
https://www.law-attorneys.com/personal-injury/case-8,1447,39331,0.0368,20.5
https://www.law-attorneys.com/personal-injury/case-9,343,8918,0.0385,2.7
https://www.law-attorneys.com/personal-injury/case-10,168,46848,0.0036,4.6
https://www.law-attorneys.com/personal-injury/case-11,853,41053,0.0208,20.9
https://www.law-attorneys.com/personal-injury/case-12,2964,37809,0.0784,11.5
https://www.law-attorneys.com/personal-injury/case-13,52,1317,0.0399,22.4
https://www.law-attorneys.com/personal-injury/case-14,490,29910,0.0164,22.7
https://www.law-attorneys.com/personal-injury/case-15,204,9412,0.0217,22.1
https://www.law-attorneys.com/personal-injury/case-16,1690,29291,0.0577,24.7
https://www.law-attorneys.com/personal-injury/case-17,656,45909,0.0143,3.3
https://www.law-attorneys.com/personal-injury/case-18,594,9733,0.0611,22.7
https://www.law-attorneys.com/personal-injury/case-19,465,10244,0.0454,5.0
https://www.law-attorneys.com/personal-injury/case-20,2431,44217,0.055,8.6
https://www.law-attorneys.com/personal-injury/case-21,723,10798,0.067,16.6
https://www.law-attorneys.com/personal-injury/case-22,577,22839,0.0253,18.9
https://www.law-attorneys.com/personal-injury/case-23,10,365,0.0289,24.2
https://www.law-attorneys.com/personal-injury/case-24,2411,49731,0.0485,6.4
https://www.law-attorneys.com/personal-injury/case-25,234,12464,0.0188,6.0
https://www.law-attorneys.com/personal-injury/case-26,1627,48021,0.0339,23.2
https://www.law-attorneys.com/personal-injury/case-27,1675,24347,0.0688,20.2
https://www.law-attorneys.com/personal-injury/case-28,82,1534,0.0538,9.5
https://www.law-attorneys.com/personal-injury/case-29,245,38989,0.0063,8.5
https://www.law-attorneys.com/personal-injury/case-30,572,10585,0.0541,21.4
https://www.law-attorneys.com/personal-injury/case-31,1940,38886,0.0499,16.1
https://www.law-attorneys.com/personal-injury/case-32,404,21526,0.0188,2.5
https://www.law-attorneys.com/personal-injury/case-33,202,28975,0.007,17.6
https://www.law-attorneys.com/personal-injury/case-34,787,48310,0.0163,11.0
https://www.law-attorneys.com/personal-injury/case-35,2892,49791,0.0581,8.3
https://www.law-attorneys.com/personal-injury/case-36,303,5065,0.0599,24.9
https://www.law-attorneys.com/personal-injury/case-37,416,29101,0.0143,7.7
https://www.law-attorneys.com/personal-injury/case-38,59,1015,0.0591,11.2
https://www.law-attorneys.com/personal-injury/case-39,202,14479,0.014,16.2
https://www.law-attorneys.com/personal-injury/case-40,384,19035,0.0202,22.4
https://www.law-attorneys.com/personal-injury/case-41,17,7591,0.0023,3.5
https://www.law-attorneys.com/personal-injury/case-42,1062,16568,0.0641,23.4
https://www.law-attorneys.com/personal-injury/case-43,329,47005,0.007,1.6
https://www.law-attorneys.com/personal-injury/case-44,220,14508,0.0152,7.0
https://www.law-attorneys.com/personal-injury/case-45,154,9259,0.0167,20.3
https://www.law-attorneys.com/personal-injury/case-46,1254,19295,0.065,6.7
https://www.law-attorneys.com/personal-injury/case-47,1166,17735,0.0658,6.1
https://www.law-attorneys.com/personal-injury/case-48,1225,43766,0.028,1.5
https://www.law-attorneys.com/personal-injury/case-49,562,36266,0.0155,24.4
https://www.law-attorneys.com/personal-injury/case-50,3157,46574,0.0678,10.7
https://www.law-attorneys.com/personal-injury/case-51,925,28296,0.0327,9.9
https://www.law-attorneys.com/personal-injury/case-52,531,41228,0.0129,14.1
https://www.law-attorneys.com/personal-injury/case-53,33,486,0.0691,14.9
https://www.law-attorneys.com/personal-injury/case-54,557,8552,0.0652,19.4
https://www.law-attorneys.com/personal-injury/case-55,971,42631,0.0228,23.1
https://www.law-attorneys.com/personal-injury/case-56,1808,43160,0.0419,20.5
https://www.law-attorneys.com/personal-injury/case-57,1750,29168,0.06,5.4
https://www.law-attorneys.com/personal-injury/case-58,440,45378,0.0097,15.3
https://www.law-attorneys.com/personal-injury/case-59,835,15167,0.0551,2.9
https://www.law-attorneys.com/personal-injury/case-60,680,17364,0.0392,11.1
https://www.law-attorneys.com/car-accidents/case-1,1587,49778,0.0319,22.3
https://www.law-attorneys.com/car-accidents/case-2,245,47176,0.0052,12.5
https://www.law-attorneys.com/car-accidents/case-3,444,14584,0.0305,22.5
https://www.law-attorneys.com/car-accidents/case-4,287,12444,0.0231,9.0
https://www.law-attorneys.com/car-accidents/case-5,76,19547,0.0039,1.6
https://www.law-attorneys.com/car-accidents/case-6,1693,26836,0.0631,2.8
https://www.law-attorneys.com/car-accidents/case-7,483,35790,0.0135,21.1
https://www.law-attorneys.com/car-accidents/case-8,259,24011,0.0108,2.2
https://www.law-attorneys.com/car-accidents/case-9,961,14698,0.0654,8.4
https://www.law-attorneys.com/car-accidents/case-10,2000,42373,0.0472,15.1
https://www.law-attorneys.com/car-accidents/case-11,797,48061,0.0166,9.6
https://www.law-attorneys.com/car-accidents/case-12,789,34050,0.0232,23.1
https://www.law-attorneys.com/car-accidents/case-13,153,27961,0.0055,7.7
https://www.law-attorneys.com/car-accidents/case-14,340,48633,0.007,8.6
https://www.law-attorneys.com/car-accidents/case-15,1839,39297,0.0468,6.9
https://www.law-attorneys.com/car-accidents/case-16,17,653,0.0266,21.8
https://www.law-attorneys.com/car-accidents/case-17,984,49703,0.0198,10.2
https://www.law-attorneys.com/car-accidents/case-18,1166,38002,0.0307,21.5
https://www.law-attorneys.com/car-accidents/case-19,453,49337,0.0092,3.4
https://www.law-attorneys.com/car-accidents/case-20,137,3395,0.0404,12.3
https://www.law-attorneys.com/car-accidents/case-21,945,12877,0.0734,19.4
https://www.law-attorneys.com/car-accidents/case-22,730,15916,0.0459,12.1
https://www.law-attorneys.com/car-accidents/case-23,468,30412,0.0154,19.9
https://www.law-attorneys.com/car-accidents/case-24,1922,48673,0.0395,7.6
https://www.law-attorneys.com/car-accidents/case-25,837,12639,0.0663,4.3
https://www.law-attorneys.com/car-accidents/case-26,1745,28755,0.0607,16.4
https://www.law-attorneys.com/car-accidents/case-27,7,252,0.0288,16.0
https://www.law-attorneys.com/car-accidents/case-28,1511,46070,0.0328,8.4
https://www.law-attorneys.com/car-accidents/case-29,186,23022,0.0081,17.4
https://www.law-attorneys.com/car-accidents/case-30,2855,37375,0.0764,6.6
https://www.law-attorneys.com/car-accidents/case-31,36,2660,0.0139,22.0
https://www.law-attorneys.com/car-accidents/case-32,298,8657,0.0345,7.3
https://www.law-attorneys.com/car-accidents/case-33,1106,16297,0.0679,18.2
https://www.law-attorneys.com/car-accidents/case-34,160,4613,0.0349,6.7
https://www.law-attorneys.com/car-accidents/case-35,305,8470,0.0361,22.5
https://www.law-attorneys.com/car-accidents/case-36,163,23661,0.0069,21.3
https://www.law-attorneys.com/car-accidents/case-37,489,36535,0.0134,11.6
https://www.law-attorneys.com/car-accidents/case-38,1146,38618,0.0297,18.3
https://www.law-attorneys.com/car-accidents/case-39,601,7874,0.0764,24.2
https://www.law-attorneys.com/car-accidents/case-40,1222,29736,0.0411,10.8
https://www.law-attorneys.com/car-accidents/case-41,1250,17763,0.0704,6.0
https://www.law-attorneys.com/car-accidents/case-42,454,7695,0.0591,24.7
https://www.law-attorneys.com/car-accidents/case-43,2550,45220,0.0564,17.7
https://www.law-attorneys.com/car-accidents/case-44,447,36666,0.0122,13.2
https://www.law-attorneys.com/car-accidents/case-45,84,6747,0.0125,6.8
https://www.law-attorneys.com/car-accidents/case-46,117,4406,0.0267,23.4
https://www.law-attorneys.com/car-accidents/case-47,41,1286,0.0322,14.7
https://www.law-attorneys.com/car-accidents/case-48,20,464,0.0444,15.6
https://www.law-attorneys.com/car-accidents/case-49,133,2072,0.0646,9.3
https://www.law-attorneys.com/car-accidents/case-50,991,27097,0.0366,6.3
https://www.law-attorneys.com/car-accidents/case-51,28,1489,0.0191,4.8
https://www.law-attorneys.com/car-accidents/case-52,160,13823,0.0116,5.7
https://www.law-attorneys.com/car-accidents/case-53,1529,21598,0.0708,16.1
https://www.law-attorneys.com/car-accidents/case-54,1010,17988,0.0562,8.5
https://www.law-attorneys.com/car-accidents/case-55,479,18595,0.0258,14.8
https://www.law-attorneys.com/car-accidents/case-56,353,8528,0.0414,17.7
https://www.law-attorneys.com/car-accidents/case-57,1230,16952,0.0726,4.1
https://www.law-attorneys.com/car-accidents/case-58,1056,15222,0.0694,8.8
https://www.law-attorneys.com/car-accidents/case-59,337,8662,0.039,11.4
https://www.law-attorneys.com/car-accidents/case-60,1502,44311,0.0339,24.7
https://www.law-attorneys.com/dog-bites/case-1,1346,21209,0.0635,14.1
https://www.law-attorneys.com/dog-bites/case-2,443,17653,0.0251,11.2
https://www.law-attorneys.com/dog-bites/case-3,847,17504,0.0484,3.1
https://www.law-attorneys.com/dog-bites/case-4,155,2366,0.0658,21.5
https://www.law-attorneys.com/dog-bites/case-5,72,40057,0.0018,6.4
https://www.law-attorneys.com/dog-bites/case-6,286,47040,0.0061,16.6
https://www.law-attorneys.com/dog-bites/case-7,913,17779,0.0514,18.5
https://www.law-attorneys.com/dog-bites/case-8,1401,23323,0.0601,16.1
https://www.law-attorneys.com/dog-bites/case-9,906,18507,0.049,9.2
https://www.law-attorneys.com/dog-bites/case-10,173,17748,0.0098,16.8
https://www.law-attorneys.com/dog-bites/case-11,526,9945,0.0529,10.4
https://www.law-attorneys.com/dog-bites/case-12,303,17874,0.017,17.5
https://www.law-attorneys.com/dog-bites/case-13,653,25734,0.0254,22.7
https://www.law-attorneys.com/dog-bites/case-14,4,153,0.0314,12.5
https://www.law-attorneys.com/dog-bites/case-15,144,14476,0.01,2.1
https://www.law-attorneys.com/dog-bites/case-16,616,16525,0.0373,14.7
https://www.law-attorneys.com/dog-bites/case-17,155,3619,0.0431,22.4
https://www.law-attorneys.com/dog-bites/case-18,962,13516,0.0712,4.0
https://www.law-attorneys.com/dog-bites/case-19,181,2730,0.0665,8.3
https://www.law-attorneys.com/dog-bites/case-20,701,12913,0.0543,4.8
https://www.law-attorneys.com/dog-bites/case-21,632,13850,0.0457,14.8
https://www.law-attorneys.com/dog-bites/case-22,2233,41989,0.0532,13.6
https://www.law-attorneys.com/dog-bites/case-23,1440,46309,0.0311,13.2
https://www.law-attorneys.com/dog-bites/case-24,507,10424,0.0487,21.4
https://www.law-attorneys.com/dog-bites/case-25,1005,42623,0.0236,6.9
https://www.law-attorneys.com/dog-bites/case-26,811,13987,0.058,5.9
https://www.law-attorneys.com/dog-bites/case-27,2443,37305,0.0655,22.6
https://www.law-attorneys.com/dog-bites/case-28,702,29534,0.0238,21.1
https://www.law-attorneys.com/dog-bites/case-29,56,37838,0.0015,5.0
https://www.law-attorneys.com/dog-bites/case-30,864,19305,0.0448,7.9
https://www.law-attorneys.com/dog-bites/case-31,293,35785,0.0082,11.9
https://www.law-attorneys.com/dog-bites/case-32,616,14821,0.0416,22.0
https://www.law-attorneys.com/dog-bites/case-33,1192,25418,0.0469,11.7
https://www.law-attorneys.com/dog-bites/case-34,517,11310,0.0458,18.1
https://www.law-attorneys.com/dog-bites/case-35,1186,26247,0.0452,18.8
https://www.law-attorneys.com/dog-bites/case-36,276,23045,0.012,9.3
https://www.law-attorneys.com/dog-bites/case-37,1439,28505,0.0505,24.9
https://www.law-attorneys.com/dog-bites/case-38,31,19700,0.0016,13.6
https://www.law-attorneys.com/dog-bites/case-39,462,39526,0.0117,22.2
https://www.law-attorneys.com/dog-bites/case-40,1474,33141,0.0445,3.6
https://www.law-attorneys.com/dog-bites/case-41,2121,36195,0.0586,2.3
https://www.law-attorneys.com/dog-bites/case-42,362,8210,0.0441,8.9
https://www.law-attorneys.com/dog-bites/case-43,91,2000,0.0459,2.6
https://www.law-attorneys.com/dog-bites/case-44,2423,30640,0.0791,20.2
https://www.law-attorneys.com/dog-bites/case-45,660,13739,0.0481,13.6
https://www.law-attorneys.com/dog-bites/case-46,808,27324,0.0296,3.2
https://www.law-attorneys.com/dog-bites/case-47,1231,49877,0.0247,15.9
https://www.law-attorneys.com/dog-bites/case-48,557,16484,0.0338,19.8
https://www.law-attorneys.com/dog-bites/case-49,1955,29455,0.0664,22.8
https://www.law-attorneys.com/dog-bites/case-50,1019,20305,0.0502,17.9
https://www.law-attorneys.com/dog-bites/case-51,279,18729,0.0149,7.4
https://www.law-attorneys.com/dog-bites/case-52,2279,42678,0.0534,4.5
https://www.law-attorneys.com/dog-bites/case-53,701,10377,0.0676,14.9
https://www.law-attorneys.com/dog-bites/case-54,1201,21890,0.0549,20.5
https://www.law-attorneys.com/dog-bites/case-55,565,26932,0.021,22.1
https://www.law-attorneys.com/dog-bites/case-56,852,23748,0.0359,10.7
https://www.law-attorneys.com/dog-bites/case-57,1491,22873,0.0652,24.7
https://www.law-attorneys.com/dog-bites/case-58,905,14131,0.0641,18.7
https://www.law-attorneys.com/dog-bites/case-59,111,8689,0.0128,19.1
https://www.law-attorneys.com/dog-bites/case-60,1429,49467,0.0289,17.6
https://www.law-attorneys.com/slip-and-fall/case-1,3190,41112,0.0776,17.7
https://www.law-attorneys.com/slip-and-fall/case-2,856,34826,0.0246,22.6
https://www.law-attorneys.com/slip-and-fall/case-3,1522,25581,0.0595,12.8
https://www.law-attorneys.com/slip-and-fall/case-4,31,2960,0.0105,5.2
https://www.law-attorneys.com/slip-and-fall/case-5,377,26744,0.0141,24.1
https://www.law-attorneys.com/slip-and-fall/case-6,13,11123,0.0012,19.0
https://www.law-attorneys.com/slip-and-fall/case-7,399,30494,0.0131,14.5
https://www.law-attorneys.com/slip-and-fall/case-8,1470,31901,0.0461,14.4
https://www.law-attorneys.com/slip-and-fall/case-9,639,12704,0.0503,5.7
https://www.law-attorneys.com/slip-and-fall/case-10,2035,42574,0.0478,25.0
https://www.law-attorneys.com/slip-and-fall/case-11,885,39030,0.0227,23.6
https://www.law-attorneys.com/slip-and-fall/case-12,78,1513,0.0516,10.1
https://www.law-attorneys.com/slip-and-fall/case-13,22,20533,0.0011,19.9
https://www.law-attorneys.com/slip-and-fall/case-14,375,38266,0.0098,16.8
https://www.law-attorneys.com/slip-and-fall/case-15,1571,49420,0.0318,20.4
https://www.law-attorneys.com/slip-and-fall/case-16,851,12820,0.0664,24.3
https://www.law-attorneys.com/slip-and-fall/case-17,394,10923,0.0361,24.3
https://www.law-attorneys.com/slip-and-fall/case-18,459,43723,0.0105,4.6
https://www.law-attorneys.com/slip-and-fall/case-19,767,13463,0.057,19.1
https://www.law-attorneys.com/slip-and-fall/case-20,556,49251,0.0113,23.3
https://www.law-attorneys.com/slip-and-fall/case-21,279,9599,0.0291,14.2
https://www.law-attorneys.com/slip-and-fall/case-22,1175,28872,0.0407,17.9
https://www.law-attorneys.com/slip-and-fall/case-23,271,4350,0.0624,3.9
https://www.law-attorneys.com/slip-and-fall/case-24,876,23076,0.038,21.4
https://www.law-attorneys.com/slip-and-fall/case-25,4,74,0.0634,3.4
https://www.law-attorneys.com/slip-and-fall/case-26,970,38995,0.0249,12.3
https://www.law-attorneys.com/slip-and-fall/case-27,236,5077,0.0466,8.6
https://www.law-attorneys.com/slip-and-fall/case-28,55,1151,0.0486,2.6
https://www.law-attorneys.com/slip-and-fall/case-29,59,5467,0.0109,24.4
https://www.law-attorneys.com/slip-and-fall/case-30,1237,35445,0.0349,11.8
https://www.law-attorneys.com/slip-and-fall/case-31,1236,21253,0.0582,12.8
https://www.law-attorneys.com/slip-and-fall/case-32,123,2976,0.0414,11.4
https://www.law-attorneys.com/slip-and-fall/case-33,578,28210,0.0205,19.4
https://www.law-attorneys.com/slip-and-fall/case-34,187,4745,0.0396,4.0
https://www.law-attorneys.com/slip-and-fall/case-35,1179,46092,0.0256,8.6
https://www.law-attorneys.com/slip-and-fall/case-36,374,5695,0.0658,13.9
https://www.law-attorneys.com/slip-and-fall/case-37,191,2395,0.08,18.5
https://www.law-attorneys.com/slip-and-fall/case-38,570,16217,0.0352,15.4
https://www.law-attorneys.com/slip-and-fall/case-39,2750,42705,0.0644,16.5
https://www.law-attorneys.com/slip-and-fall/case-40,3056,38785,0.0788,22.8
https://www.law-attorneys.com/slip-and-fall/case-41,1599,27387,0.0584,9.8
https://www.law-attorneys.com/slip-and-fall/case-42,357,25915,0.0138,20.5
https://www.law-attorneys.com/slip-and-fall/case-43,390,17530,0.0223,6.7
https://www.law-attorneys.com/slip-and-fall/case-44,53,6173,0.0086,4.8
https://www.law-attorneys.com/slip-and-fall/case-45,329,15758,0.0209,1.9
https://www.law-attorneys.com/slip-and-fall/case-46,83,3936,0.0213,21.7
https://www.law-attorneys.com/slip-and-fall/case-47,58,32298,0.0018,16.1
https://www.law-attorneys.com/slip-and-fall/case-48,1719,39624,0.0434,9.3
https://www.law-attorneys.com/slip-and-fall/case-49,2104,38469,0.0547,9.7
https://www.law-attorneys.com/slip-and-fall/case-50,1001,21875,0.0458,4.3
https://www.law-attorneys.com/slip-and-fall/case-51,3340,49488,0.0675,8.4
https://www.law-attorneys.com/slip-and-fall/case-52,655,10603,0.0618,7.9
https://www.law-attorneys.com/slip-and-fall/case-53,2509,32170,0.078,23.7
https://www.law-attorneys.com/slip-and-fall/case-54,2154,30257,0.0712,6.2
https://www.law-attorneys.com/slip-and-fall/case-55,514,8186,0.0628,2.3
https://www.law-attorneys.com/slip-and-fall/case-56,187,20631,0.0091,22.4
https://www.law-attorneys.com/slip-and-fall/case-57,425,43816,0.0097,19.8
https://www.law-attorneys.com/slip-and-fall/case-58,52,6268,0.0084,16.2
https://www.law-attorneys.com/slip-and-fall/case-59,1803,42141,0.0428,9.1
https://www.law-attorneys.com/slip-and-fall/case-60,2252,31073,0.0725,14.4
https://www.law-attorneys.com/medical-malpractice/case-1,518,38696,0.0134,23.7
https://www.law-attorneys.com/medical-malpractice/case-2,29,2048,0.0146,8.8
https://www.law-attorneys.com/medical-malpractice/case-3,577,38256,0.0151,11.8
https://www.law-attorneys.com/medical-malpractice/case-4,70,2208,0.032,14.8
https://www.law-attorneys.com/medical-malpractice/case-5,192,31505,0.0061,7.5
https://www.law-attorneys.com/medical-malpractice/case-6,304,11524,0.0264,4.2
https://www.law-attorneys.com/medical-malpractice/case-7,123,22501,0.0055,2.2
https://www.law-attorneys.com/medical-malpractice/case-8,35,1825,0.0197,20.8
https://www.law-attorneys.com/medical-malpractice/case-9,81,5721,0.0143,22.9
https://www.law-attorneys.com/medical-malpractice/case-10,1276,48905,0.0261,13.7
https://www.law-attorneys.com/medical-malpractice/case-11,1357,26822,0.0506,3.1
https://www.law-attorneys.com/medical-malpractice/case-12,277,9003,0.0308,16.8
https://www.law-attorneys.com/medical-malpractice/case-13,1172,24026,0.0488,13.2
https://www.law-attorneys.com/medical-malpractice/case-14,77,3444,0.0225,6.3
https://www.law-attorneys.com/medical-malpractice/case-15,1312,18510,0.0709,8.6
https://www.law-attorneys.com/medical-malpractice/case-16,213,11865,0.018,11.4
https://www.law-attorneys.com/medical-malpractice/case-17,1185,48179,0.0246,19.4
https://www.law-attorneys.com/medical-malpractice/case-18,2526,39534,0.0639,11.0
https://www.law-attorneys.com/medical-malpractice/case-19,1325,47850,0.0277,23.9
https://www.law-attorneys.com/medical-malpractice/case-20,1372,47005,0.0292,19.9
https://www.law-attorneys.com/medical-malpractice/case-21,915,43374,0.0211,14.6
https://www.law-attorneys.com/medical-malpractice/case-22,362,7377,0.0491,12.4
https://www.law-attorneys.com/medical-malpractice/case-23,2934,49913,0.0588,12.8
https://www.law-attorneys.com/medical-malpractice/case-24,40,1862,0.022,7.2
https://www.law-attorneys.com/medical-malpractice/case-25,372,46616,0.008,21.0
https://www.law-attorneys.com/medical-malpractice/case-26,1670,47190,0.0354,13.1
https://www.law-attorneys.com/medical-malpractice/case-27,443,42247,0.0105,19.9
https://www.law-attorneys.com/medical-malpractice/case-28,124,8364,0.0149,10.3
https://www.law-attorneys.com/medical-malpractice/case-29,2421,41684,0.0581,20.1
https://www.law-attorneys.com/medical-malpractice/case-30,1881,40466,0.0465,17.8
https://www.law-attorneys.com/medical-malpractice/case-31,402,17828,0.0226,8.3
https://www.law-attorneys.com/medical-malpractice/case-32,46,1384,0.0338,18.3
https://www.law-attorneys.com/medical-malpractice/case-33,52,9661,0.0054,13.2
https://www.law-attorneys.com/medical-malpractice/case-34,222,20626,0.0108,23.7
https://www.law-attorneys.com/medical-malpractice/case-35,1051,29361,0.0358,12.6
https://www.law-attorneys.com/medical-malpractice/case-36,1681,23291,0.0722,10.4
https://www.law-attorneys.com/medical-malpractice/case-37,144,20895,0.0069,12.3
https://www.law-attorneys.com/medical-malpractice/case-38,1149,18754,0.0613,11.7
https://www.law-attorneys.com/medical-malpractice/case-39,491,16904,0.0291,19.4
https://www.law-attorneys.com/medical-malpractice/case-40,127,22054,0.0058,21.5
https://www.law-attorneys.com/medical-malpractice/case-41,691,11800,0.0586,21.3
https://www.law-attorneys.com/medical-malpractice/case-42,1267,19500,0.065,3.7
https://www.law-attorneys.com/medical-malpractice/case-43,325,27115,0.012,19.4
https://www.law-attorneys.com/medical-malpractice/case-44,570,28086,0.0203,21.7
https://www.law-attorneys.com/medical-malpractice/case-45,2091,30705,0.0681,14.7
https://www.law-attorneys.com/medical-malpractice/case-46,165,8451,0.0196,19.0
https://www.law-attorneys.com/medical-malpractice/case-47,2380,30999,0.0768,3.9
https://www.law-attorneys.com/medical-malpractice/case-48,170,3208,0.053,10.6
https://www.law-attorneys.com/medical-malpractice/case-49,94,2200,0.0429,4.2
https://www.law-attorneys.com/medical-malpractice/case-50,301,34655,0.0087,18.4
https://www.law-attorneys.com/medical-malpractice/case-51,230,19201,0.012,1.6
https://www.law-attorneys.com/medical-malpractice/case-52,619,18542,0.0334,4.7
https://www.law-attorneys.com/medical-malpractice/case-53,68,25516,0.0027,14.1
https://www.law-attorneys.com/medical-malpractice/case-54,438,38448,0.0114,21.5
https://www.law-attorneys.com/medical-malpractice/case-55,1067,26890,0.0397,22.1
https://www.law-attorneys.com/medical-malpractice/case-56,114,15112,0.0076,11.5
https://www.law-attorneys.com/medical-malpractice/case-57,978,14411,0.0679,20.6
https://www.law-attorneys.com/medical-malpractice/case-58,2263,44116,0.0513,6.3
https://www.law-attorneys.com/medical-malpractice/case-59,2386,32554,0.0733,5.8
https://www.law-attorneys.com/medical-malpractice/case-60,1817,41037,0.0443,12.5
https://www.law-attorneys.com/blog/what-to-do-after-car-accident-1,332,14982,0.0222,11.6
https://www.law-attorneys.com/blog/what-to-do-after-car-accident-2,326,34782,0.0094,21.0
https://www.law-attorneys.com/blog/what-to-do-after-car-accident-3,41,2290,0.0181,12.8
https://www.law-attorneys.com/blog/what-to-do-after-car-accident-4,974,18562,0.0525,10.5
https://www.law-attorneys.com/blog/what-to-do-after-car-accident-5,348,27420,0.0127,19.6
https://www.law-attorneys.com/blog/what-to-do-after-car-accident-6,286,15642,0.0183,11.5
https://www.law-attorneys.com/blog/what-to-do-after-car-accident-7,95,16267,0.0059,14.1
https://www.law-attorneys.com/blog/what-to-do-after-car-accident-8,1386,47016,0.0295,2.4
https://www.law-attorneys.com/blog/what-to-do-after-car-accident-9,301,23743,0.0127,17.7
https://www.law-attorneys.com/blog/what-to-do-after-car-accident-10,1033,37709,0.0274,20.4
https://www.law-attorneys.com/blog/what-to-do-after-car-accident-11,2654,45527,0.0583,16.3
https://www.law-attorneys.com/blog/what-to-do-after-car-accident-12,1742,25402,0.0686,21.7
https://www.law-attorneys.com/blog/what-to-do-after-car-accident-13,832,20198,0.0412,19.0
https://www.law-attorneys.com/blog/what-to-do-after-car-accident-14,59,39516,0.0015,6.1
https://www.law-attorneys.com/blog/what-to-do-after-car-accident-15,2464,41138,0.0599,6.2
https://www.law-attorneys.com/blog/what-to-do-after-car-accident-16,1819,25703,0.0708,21.5
https://www.law-attorneys.com/blog/what-to-do-after-car-accident-17,13,1426,0.0097,18.4
https://www.law-attorneys.com/blog/what-to-do-after-car-accident-18,6,428,0.0151,12.9
https://www.law-attorneys.com/blog/what-to-do-after-car-accident-19,3267,49804,0.0656,12.9
https://www.law-attorneys.com/blog/what-to-do-after-car-accident-20,2938,42707,0.0688,16.8
https://www.law-attorneys.com/blog/what-to-do-after-car-accident-21,139,3187,0.0439,6.6
https://www.law-attorneys.com/blog/what-to-do-after-car-accident-22,3315,47498,0.0698,16.2
https://www.law-attorneys.com/blog/what-to-do-after-car-accident-23,816,26954,0.0303,20.9
https://www.law-attorneys.com/blog/what-to-do-after-car-accident-24,971,12983,0.0748,19.9
https://www.law-attorneys.com/blog/what-to-do-after-car-accident-25,2590,42896,0.0604,22.4
https://www.law-attorneys.com/blog/what-to-do-after-car-accident-26,2543,46586,0.0546,14.0
https://www.law-attorneys.com/blog/what-to-do-after-car-accident-27,787,44492,0.0177,23.2
https://www.law-attorneys.com/blog/what-to-do-after-car-accident-28,220,3445,0.064,1.8
https://www.law-attorneys.com/blog/what-to-do-after-car-accident-29,1127,31317,0.036,9.7
https://www.law-attorneys.com/blog/what-to-do-after-car-accident-30,865,13805,0.0627,20.8
https://www.law-attorneys.com/blog/what-to-do-after-car-accident-31,1571,21325,0.0737,19.6
https://www.law-attorneys.com/blog/what-to-do-after-car-accident-32,125,6732,0.0187,17.4
https://www.law-attorneys.com/blog/what-to-do-after-car-accident-33,1522,35168,0.0433,21.0
https://www.law-attorneys.com/blog/what-to-do-after-car-accident-34,1755,22254,0.0789,16.7
https://www.law-attorneys.com/blog/what-to-do-after-car-accident-35,1960,35139,0.0558,20.0
https://www.law-attorneys.com/blog/what-to-do-after-car-accident-36,691,11085,0.0624,4.3
https://www.law-attorneys.com/blog/what-to-do-after-car-accident-37,656,8527,0.077,5.2
https://www.law-attorneys.com/blog/what-to-do-after-car-accident-38,404,39226,0.0103,18.5
https://www.law-attorneys.com/blog/what-to-do-after-car-accident-39,716,19148,0.0374,20.7
https://www.law-attorneys.com/blog/what-to-do-after-car-accident-40,221,2803,0.0792,11.0
https://www.law-attorneys.com/blog/dog-bite-laws-1,758,26885,0.0282,7.6
https://www.law-attorneys.com/blog/dog-bite-laws-2,53,1293,0.0416,14.6
https://www.law-attorneys.com/blog/dog-bite-laws-3,1779,36688,0.0485,5.3
https://www.law-attorneys.com/blog/dog-bite-laws-4,785,14903,0.0527,9.1
https://www.law-attorneys.com/blog/dog-bite-laws-5,273,6284,0.0436,21.4
https://www.law-attorneys.com/blog/dog-bite-laws-6,397,30837,0.0129,10.8
https://www.law-attorneys.com/blog/dog-bite-laws-7,700,39575,0.0177,7.0
https://www.law-attorneys.com/blog/dog-bite-laws-8,516,11386,0.0454,10.5
https://www.law-attorneys.com/blog/dog-bite-laws-9,731,35183,0.0208,3.4
https://www.law-attorneys.com/blog/dog-bite-laws-10,1712,22647,0.0756,12.5
https://www.law-attorneys.com/blog/dog-bite-laws-11,939,33207,0.0283,20.2
https://www.law-attorneys.com/blog/dog-bite-laws-12,133,39378,0.0034,4.4
https://www.law-attorneys.com/blog/dog-bite-laws-13,221,14939,0.0148,12.2
https://www.law-attorneys.com/blog/dog-bite-laws-14,1601,24825,0.0645,24.6
https://www.law-attorneys.com/blog/dog-bite-laws-15,319,4262,0.0749,11.9
https://www.law-attorneys.com/blog/dog-bite-laws-16,2560,32663,0.0784,13.1
https://www.law-attorneys.com/blog/dog-bite-laws-17,378,38635,0.0098,12.5
https://www.law-attorneys.com/blog/dog-bite-laws-18,1342,38477,0.0349,22.4
https://www.law-attorneys.com/blog/dog-bite-laws-19,2081,37045,0.0562,8.7
https://www.law-attorneys.com/blog/dog-bite-laws-20,1799,26124,0.0689,16.3
https://www.law-attorneys.com/blog/dog-bite-laws-21,2186,38151,0.0573,11.4
https://www.law-attorneys.com/blog/dog-bite-laws-22,2517,39764,0.0633,14.5
https://www.law-attorneys.com/blog/dog-bite-laws-23,358,20282,0.0177,19.5
https://www.law-attorneys.com/blog/dog-bite-laws-24,577,16502,0.035,13.0
https://www.law-attorneys.com/blog/dog-bite-laws-25,326,5764,0.0567,6.2
https://www.law-attorneys.com/blog/dog-bite-laws-26,1034,36306,0.0285,5.5
https://www.law-attorneys.com/blog/dog-bite-laws-27,2572,38622,0.0666,16.6
https://www.law-attorneys.com/blog/dog-bite-laws-28,990,16704,0.0593,13.5
https://www.law-attorneys.com/blog/dog-bite-laws-29,1934,28408,0.0681,22.5
https://www.law-attorneys.com/blog/dog-bite-laws-30,1314,32224,0.0408,12.7
https://www.law-attorneys.com/blog/dog-bite-laws-31,7,157,0.0453,2.0
https://www.law-attorneys.com/blog/dog-bite-laws-32,272,43332,0.0063,15.3
https://www.law-attorneys.com/blog/dog-bite-laws-33,334,32164,0.0104,15.4
https://www.law-attorneys.com/blog/dog-bite-laws-34,270,31877,0.0085,12.2
https://www.law-attorneys.com/blog/dog-bite-laws-35,2648,39644,0.0668,14.3
https://www.law-attorneys.com/blog/dog-bite-laws-36,632,44832,0.0141,8.3
https://www.law-attorneys.com/blog/dog-bite-laws-37,309,21937,0.0141,5.6
https://www.law-attorneys.com/blog/dog-bite-laws-38,2361,34176,0.0691,15.8
https://www.law-attorneys.com/blog/dog-bite-laws-39,1506,22827,0.066,20.6
https://www.law-attorneys.com/blog/dog-bite-laws-40,2116,46206,0.0458,6.6
https://www.law-attorneys.com/blog/personal-injury-claim-process-1,897,45081,0.0199,22.8
https://www.law-attorneys.com/blog/personal-injury-claim-process-2,562,49325,0.0114,4.6
https://www.law-attorneys.com/blog/personal-injury-claim-process-3,334,7186,0.0466,10.1
https://www.law-attorneys.com/blog/personal-injury-claim-process-4,1708,32850,0.052,1.7
https://www.law-attorneys.com/blog/personal-injury-claim-process-5,1961,26545,0.0739,7.3
https://www.law-attorneys.com/blog/personal-injury-claim-process-6,505,25524,0.0198,3.6
https://www.law-attorneys.com/blog/personal-injury-claim-process-7,624,14324,0.0436,8.0
https://www.law-attorneys.com/blog/personal-injury-claim-process-8,708,39598,0.0179,6.9
https://www.law-attorneys.com/blog/personal-injury-claim-process-9,1821,29053,0.0627,6.6
https://www.law-attorneys.com/blog/personal-injury-claim-process-10,249,11498,0.0217,23.4
https://www.law-attorneys.com/blog/personal-injury-claim-process-11,1005,24402,0.0412,17.7
https://www.law-attorneys.com/blog/personal-injury-claim-process-12,3612,47722,0.0757,12.1
https://www.law-attorneys.com/blog/personal-injury-claim-process-13,210,10449,0.0201,23.1
https://www.law-attorneys.com/blog/personal-injury-claim-process-14,1009,32896,0.0307,21.0
https://www.law-attorneys.com/blog/personal-injury-claim-process-15,37,6224,0.0061,20.1
https://www.law-attorneys.com/blog/personal-injury-claim-process-16,1831,26056,0.0703,23.0
https://www.law-attorneys.com/blog/personal-injury-claim-process-17,32,446,0.0724,14.1
https://www.law-attorneys.com/blog/personal-injury-claim-process-18,127,5488,0.0232,13.7
https://www.law-attorneys.com/blog/personal-injury-claim-process-19,566,34346,0.0165,15.1
https://www.law-attorneys.com/blog/personal-injury-claim-process-20,1862,48260,0.0386,18.0
https://www.law-attorneys.com/blog/personal-injury-claim-process-21,1079,45534,0.0237,4.3
https://www.law-attorneys.com/blog/personal-injury-claim-process-22,1193,33805,0.0353,13.4
https://www.law-attorneys.com/blog/personal-injury-claim-process-23,950,14329,0.0663,21.1
https://www.law-attorneys.com/blog/personal-injury-claim-process-24,17,2790,0.0061,7.5
https://www.law-attorneys.com/blog/personal-injury-claim-process-25,958,21168,0.0453,5.7
https://www.law-attorneys.com/blog/personal-injury-claim-process-26,592,9830,0.0603,11.5
https://www.law-attorneys.com/blog/personal-injury-claim-process-27,236,5304,0.0445,21.5
https://www.law-attorneys.com/blog/personal-injury-claim-process-28,681,27158,0.0251,9.9
https://www.law-attorneys.com/blog/personal-injury-claim-process-29,894,48617,0.0184,23.3
https://www.law-attorneys.com/blog/personal-injury-claim-process-30,3511,44114,0.0796,24.1
https://www.law-attorneys.com/blog/personal-injury-claim-process-31,817,39890,0.0205,22.9
https://www.law-attorneys.com/blog/personal-injury-claim-process-32,1364,39321,0.0347,22.0
https://www.law-attorneys.com/blog/personal-injury-claim-process-33,179,7418,0.0242,10.0
https://www.law-attorneys.com/blog/personal-injury-claim-process-34,2098,42226,0.0497,20.4
https://www.law-attorneys.com/blog/personal-injury-claim-process-35,348,49829,0.007,19.1
https://www.law-attorneys.com/blog/personal-injury-claim-process-36,455,6669,0.0683,2.9
https://www.law-attorneys.com/blog/personal-injury-claim-process-37,189,33254,0.0057,20.1
https://www.law-attorneys.com/blog/personal-injury-claim-process-38,112,12121,0.0093,20.7
https://www.law-attorneys.com/blog/personal-injury-claim-process-39,1553,21108,0.0736,18.4
https://www.law-attorneys.com/blog/personal-injury-claim-process-40,297,45088,0.0066,8.9
https://www.law-attorneys.com/blog/insurance-settlement-tips-1,1812,40639,0.0446,19.5
https://www.law-attorneys.com/blog/insurance-settlement-tips-2,2099,31201,0.0673,4.9
https://www.law-attorneys.com/blog/insurance-settlement-tips-3,2065,43855,0.0471,10.6
https://www.law-attorneys.com/blog/insurance-settlement-tips-4,443,34123,0.013,10.1
https://www.law-attorneys.com/blog/insurance-settlement-tips-5,3177,49574,0.0641,17.4
https://www.law-attorneys.com/blog/insurance-settlement-tips-6,2439,38244,0.0638,7.1
https://www.law-attorneys.com/blog/insurance-settlement-tips-7,2625,37032,0.0709,5.1
https://www.law-attorneys.com/blog/insurance-settlement-tips-8,2496,36185,0.069,12.7
https://www.law-attorneys.com/blog/insurance-settlement-tips-9,2357,37249,0.0633,7.9
https://www.law-attorneys.com/blog/insurance-settlement-tips-10,44,7585,0.0059,24.5
https://www.law-attorneys.com/blog/insurance-settlement-tips-11,539,46102,0.0117,15.4
https://www.law-attorneys.com/blog/insurance-settlement-tips-12,924,31867,0.029,4.0
https://www.law-attorneys.com/blog/insurance-settlement-tips-13,711,31220,0.0228,8.8
https://www.law-attorneys.com/blog/insurance-settlement-tips-14,1880,27375,0.0687,9.9
https://www.law-attorneys.com/blog/insurance-settlement-tips-15,159,15666,0.0102,23.0
https://www.law-attorneys.com/blog/insurance-settlement-tips-16,26,632,0.0419,2.9
https://www.law-attorneys.com/blog/insurance-settlement-tips-17,349,14132,0.0247,9.4
https://www.law-attorneys.com/blog/insurance-settlement-tips-18,257,14085,0.0183,19.3
https://www.law-attorneys.com/blog/insurance-settlement-tips-19,957,12120,0.079,2.5
https://www.law-attorneys.com/blog/insurance-settlement-tips-20,773,17198,0.045,14.9
https://www.law-attorneys.com/blog/insurance-settlement-tips-21,51,4437,0.0115,4.8
https://www.law-attorneys.com/blog/insurance-settlement-tips-22,353,5806,0.0609,16.0
https://www.law-attorneys.com/blog/insurance-settlement-tips-23,1769,31771,0.0557,14.8
https://www.law-attorneys.com/blog/insurance-settlement-tips-24,522,20977,0.0249,24.3
https://www.law-attorneys.com/blog/insurance-settlement-tips-25,50,7984,0.0063,22.1
https://www.law-attorneys.com/blog/insurance-settlement-tips-26,37,758,0.049,19.1
https://www.law-attorneys.com/blog/insurance-settlement-tips-27,105,36346,0.0029,8.9
https://www.law-attorneys.com/blog/insurance-settlement-tips-28,279,39951,0.007,19.7
https://www.law-attorneys.com/blog/insurance-settlement-tips-29,765,13847,0.0553,5.3
https://www.law-attorneys.com/blog/insurance-settlement-tips-30,219,22391,0.0098,24.9
https://www.law-attorneys.com/blog/insurance-settlement-tips-31,366,4753,0.0771,7.8
https://www.law-attorneys.com/blog/insurance-settlement-tips-32,140,29365,0.0048,12.4
https://www.law-attorneys.com/blog/insurance-settlement-tips-33,282,37155,0.0076,11.5
https://www.law-attorneys.com/blog/insurance-settlement-tips-34,398,28665,0.0139,9.9
https://www.law-attorneys.com/blog/insurance-settlement-tips-35,955,42849,0.0223,15.7
https://www.law-attorneys.com/blog/insurance-settlement-tips-36,2430,38948,0.0624,17.3
https://www.law-attorneys.com/blog/insurance-settlement-tips-37,1242,48159,0.0258,3.5
https://www.law-attorneys.com/blog/insurance-settlement-tips-38,3246,49338,0.0658,13.0
https://www.law-attorneys.com/blog/insurance-settlement-tips-39,791,20091,0.0394,18.0
https://www.law-attorneys.com/blog/insurance-settlement-tips-40,34,1878,0.0183,22.5
https://www.law-attorneys.com/blog/statute-of-limitations-1,20,6106,0.0034,13.4
https://www.law-attorneys.com/blog/statute-of-limitations-2,731,10025,0.073,17.8
https://www.law-attorneys.com/blog/statute-of-limitations-3,962,13272,0.0725,21.0
https://www.law-attorneys.com/blog/statute-of-limitations-4,355,48035,0.0074,3.7
https://www.law-attorneys.com/blog/statute-of-limitations-5,719,22556,0.0319,13.5
https://www.law-attorneys.com/blog/statute-of-limitations-6,810,17204,0.0471,22.5
https://www.law-attorneys.com/blog/statute-of-limitations-7,87,8396,0.0104,11.7
https://www.law-attorneys.com/blog/statute-of-limitations-8,518,7044,0.0736,18.9
https://www.law-attorneys.com/blog/statute-of-limitations-9,535,13830,0.0387,4.4
https://www.law-attorneys.com/blog/statute-of-limitations-10,1804,27048,0.0667,3.9
https://www.law-attorneys.com/blog/statute-of-limitations-11,132,15741,0.0084,5.4
https://www.law-attorneys.com/blog/statute-of-limitations-12,257,14784,0.0174,5.9
https://www.law-attorneys.com/blog/statute-of-limitations-13,3042,38124,0.0798,8.6
https://www.law-attorneys.com/blog/statute-of-limitations-14,2171,37575,0.0578,22.1
https://www.law-attorneys.com/blog/statute-of-limitations-15,54,906,0.0599,12.2
https://www.law-attorneys.com/blog/statute-of-limitations-16,788,26276,0.03,9.7
https://www.law-attorneys.com/blog/statute-of-limitations-17,70,17978,0.0039,21.4
https://www.law-attorneys.com/blog/statute-of-limitations-18,968,25152,0.0385,13.7
https://www.law-attorneys.com/blog/statute-of-limitations-19,1341,36356,0.0369,5.6
https://www.law-attorneys.com/blog/statute-of-limitations-20,891,37137,0.024,11.0
https://www.law-attorneys.com/blog/statute-of-limitations-21,2057,49338,0.0417,11.8
https://www.law-attorneys.com/blog/statute-of-limitations-22,219,2783,0.0788,23.9
https://www.law-attorneys.com/blog/statute-of-limitations-23,755,16567,0.0456,3.9
https://www.law-attorneys.com/blog/statute-of-limitations-24,653,16291,0.0401,2.9
https://www.law-attorneys.com/blog/statute-of-limitations-25,101,1773,0.0575,19.6
https://www.law-attorneys.com/blog/statute-of-limitations-26,75,20499,0.0037,3.9
https://www.law-attorneys.com/blog/statute-of-limitations-27,193,21471,0.009,16.8
https://www.law-attorneys.com/blog/statute-of-limitations-28,330,12454,0.0265,7.4
https://www.law-attorneys.com/blog/statute-of-limitations-29,1678,27746,0.0605,22.5
https://www.law-attorneys.com/blog/statute-of-limitations-30,668,15115,0.0442,1.5
https://www.law-attorneys.com/blog/statute-of-limitations-31,826,28411,0.0291,15.5
https://www.law-attorneys.com/blog/statute-of-limitations-32,207,6724,0.0308,21.7
https://www.law-attorneys.com/blog/statute-of-limitations-33,687,12285,0.056,22.2
https://www.law-attorneys.com/blog/statute-of-limitations-34,522,44243,0.0118,5.9
https://www.law-attorneys.com/blog/statute-of-limitations-35,2654,35629,0.0745,22.6
https://www.law-attorneys.com/blog/statute-of-limitations-36,1262,18461,0.0684,5.0
https://www.law-attorneys.com/blog/statute-of-limitations-37,1132,22595,0.0501,21.2
https://www.law-attorneys.com/blog/statute-of-limitations-38,2387,38940,0.0613,22.6
https://www.law-attorneys.com/blog/statute-of-limitations-39,842,10974,0.0768,21.3
https://www.law-attorneys.com/blog/statute-of-limitations-40,3880,49627,0.0782,3.1
